Year|RoundName|League|PlayerID|Player|G|PA|AB|R|H|RBI|2B|3B|HR|TB|XBH|SB|CS|Pick|BB|SO|HBP|S|SF|IBB|GIDP|2-out RBI|CI|RLISC|LOB|Teamname|RISP|BA|OBP|SLG|OPS|SBPct|PA/BB|BB/SO|SO/AB|
2020|VR|NLB|3434|Albrecht, Br. MUS|7|29|20|14|12|11|2|2|1|21|5|6|0|0|8|2|1|0|0|1|0|5|0|4|9|Embrach Mustangs|7/11|.600|.724|1.050|1.774|1.000|3.63|4.00|0.10|
2020|VR|NLB|3435|Albrecht, Ni. MUS|16|62|49|10|13|9|3|0|0|16|3|12|1|0|13|3|0|0|0|0|0|4|0|16|42|Embrach Mustangs|8/32|.265|.419|.327|.746|.923|4.77|4.33|0.06|
2020|VR|NLB|3445|Augsburger, Ar. BAR|9|29|27|8|8|8|2|0|0|10|2|2|1|0|1|6|1|0|0|0|0|4|0|0|15|Zürich Barracudas II|6/16|.296|.345|.370|.715|.667|29.00|0.17|0.22|
2020|VR|NLB|3497|Borando, Al. WP2|15|53|41|13|13|5|4|0|0|17|4|15|2|0|9|12|2|0|1|0|0|3|0|14|26|Wil Pirates II|3/22|.317|.453|.415|.867|.882|5.89|0.75|0.29|
2020|VR|NLB|3498|Borando, An. WP2|6|14|14|1|3|0|0|0|0|3|0|2|1|0|0|2|0|0|0|0|0|0|0|2|11|Wil Pirates II|0/6|.214|.214|.214|.429|.667|-.--|0.00|0.14|
2020|VR|NLB|3499|Borando, Fa. WP2|14|46|42|12|10|1|3|0|0|13|3|6|0|0|4|13|0|0|0|0|0|3|0|8|20|Wil Pirates II|1/12|.238|.304|.310|.614|1.000|11.50|0.31|0.31|
2020|VR|NLB|3515|Brito, Ca. FRO|15|55|43|15|12|11|5|1|0|19|6|7|1|0|9|8|2|0|1|1|0|3|0|10|28|Sissach Frogs|6/23|.279|.418|.442|.860|.875|6.11|1.13|0.19|
2020|VR|NLB|3518|Brot, Ki. UNI|14|33|27|12|8|7|2|1|0|12|3|3|0|0|4|2|2|0|0|0|0|3|0|1|13|Hünenberg Unicorns|5/13|.296|.424|.444|.869|1.000|8.25|2.00|0.07|
2020|VR|NLB|3531|Bundi, Li. BAR|15|60|45|30|26|26|9|1|1|40|11|11|1|0|13|1|1|0|1|3|0|11|0|7|13|Zürich Barracudas II|17/28|.578|.667|.889|1.556|.917|4.62|13.00|0.02|
2020|VR|NLB|3534|Burger, Th. CHA|1|2|1|1|0|0|0|0|0|0|0|0|0|0|1|0|0|0|0|0|0|1|0|0|2|Zürich Challengers II|0/1|.000|.500|.000|.500|.---|2.00|-.--|0.00|
2020|VR|NLB|3542|Byrnes, Ch. MUS|8|0|0|0|0|0|0|0|0|0|0|0|0|0|0|0|0|0|0|0|0|0|0|0|0|Embrach Mustangs|0/0|.---|.---|.---|.---|.---|-.--|-.--|-.--|
2020|VR|NLB|3543|Campbell, Ja. LIO|7|30|24|3|2|2|0|0|0|2|0|6|0|0|6|7|0|0|0|0|0|3|0|15|15|Zürich Lions|1/10|.083|.267|.083|.350|1.000|5.00|0.86|0.29|
2020|VR|NLB|3547|Cartsunis, Pe. WP2|14|36|27|7|10|9|4|0|0|14|4|4|0|0|9|5|0|0|0|0|0|4|0|12|13|Wil Pirates II|6/16|.370|.528|.519|1.046|1.000|4.00|1.80|0.19|
2020|VR|NLB|3551|Castillo, Bi. UNI|16|69|62|26|24|25|6|1|1|35|8|11|1|0|3|8|4|0|0|0|1|6|0|8|26|Hünenberg Unicorns|13/33|.387|.449|.565|1.014|.917|23.00|0.38|0.13|
2020|VR|NLB|3557|Christen, Ol. CHA|6|0|0|0|0|0|0|0|0|0|0|0|0|0|0|0|0|0|0|0|0|0|0|0|0|Zürich Challengers II|0/0|.---|.---|.---|.---|.---|-.--|-.--|-.--|
2020|VR|NLB|3569|Creiche, Se. IND|9|28|21|10|6|8|1|0|1|10|2|3|0|0|5|2|1|1|0|0|0|3|0|10|13|Lausanne Indians|4/14|.286|.444|.476|.921|1.000|5.60|2.50|0.10|
2020|VR|NLB|3574|Cuevas, Gr. FRO|9|35|31|6|13|14|6|0|0|19|6|2|1|0|2|6|1|0|1|0|0|1|0|6|19|Sissach Frogs|10/19|.419|.457|.613|1.070|.667|17.50|0.33|0.19|
2020|VR|NLB|3579|Del Rosario de La Rosa, Ju. EAG|10|39|30|12|14|14|2|0|0|16|2|2|0|0|7|2|1|0|1|0|1|3|0|3|12|Luzern Eagles II|8/15|.467|.564|.533|1.097|1.000|5.57|3.50|0.07|
2020|VR|NLB|3588|Diener, Ni. BAR|6|17|14|1|3|2|0|0|0|3|0|2|0|0|1|3|1|0|1|0|0|1|0|2|8|Zürich Barracudas II|1/7|.214|.294|.214|.508|1.000|17.00|0.33|0.21|
2020|VR|NLB|3594|Dreiding, Ma. LIO|16|63|55|12|19|18|6|0|0|25|6|3|0|0|5|19|3|0|0|0|0|7|0|18|31|Zürich Lions|11/34|.345|.429|.455|.883|1.000|12.60|0.26|0.35|
2020|VR|NLB|3600|Dupuis, Fr. IND|1|4|4|1|1|2|0|0|0|1|0|0|0|0|0|2|0|0|0|0|0|0|0|1|1|Lausanne Indians|1/2|.250|.250|.250|.500|.---|-.--|0.00|0.50|
2020|VR|NLB|3618|Fasching, Th. MUS|4|17|12|6|3|2|1|1|0|6|2|2|0|0|4|3|1|0|0|1|0|3|0|2|10|Embrach Mustangs|1/6|.250|.471|.500|.971|1.000|4.25|1.33|0.25|
2020|VR|NLB|3640|Frei, Ka. LIO|13|39|35|8|11|6|2|0|0|13|2|4|1|0|3|12|1|0|0|0|0|3|0|10|22|Zürich Lions|5/16|.314|.385|.371|.756|.800|13.00|0.25|0.34|
2020|VR|NLB|3649|Fussenegger, Ma. WP2|11|35|27|4|6|6|2|0|0|8|2|3|1|0|7|5|1|0|0|0|0|0|0|2|7|Wil Pirates II|4/10|.222|.400|.296|.696|.750|5.00|1.40|0.19|
2020|VR|NLB|3651|Garateix, Ke. WP2|15|54|44|16|13|2|2|1|0|17|3|15|2|1|9|6|1|0|0|0|0|6|0|17|21|Wil Pirates II|3/16|.295|.426|.386|.812|.882|6.00|1.50|0.14|
2020|VR|NLB|3674|Gordon, Al. CHA|14|37|30|6|7|1|1|0|0|8|1|3|0|1|4|10|2|0|0|0|1|3|1|6|18|Zürich Challengers II|2/12|.233|.361|.267|.628|1.000|9.25|0.40|0.33|
2020|VR|NLB|3678|Gränz, Mi. LIO|14|51|39|14|7|6|3|0|0|10|3|6|1|0|8|13|3|0|1|0|0|5|0|8|22|Zürich Lions|1/12|.179|.353|.256|.609|.857|6.38|0.62|0.33|
2020|VR|NLB|3708|Henry Romu, An. WP2|9|20|18|3|2|1|0|0|0|2|0|5|0|0|1|7|0|0|1|0|0|1|0|5|17|Wil Pirates II|1/11|.111|.150|.111|.261|1.000|20.00|0.14|0.39|
2020|VR|NLB|3718|Hirtz, Ma. BAR|8|22|17|3|2|2|0|0|0|2|0|1|0|0|1|1|2|1|1|0|0|1|0|5|12|Zürich Barracudas II|0/5|.118|.238|.118|.356|1.000|22.00|1.00|0.06|
2020|VR|NLB|3724|Holenstein, Ol. EAG|12|40|33|8|10|6|0|0|0|10|0|0|0|0|6|1|1|0|0|0|1|2|0|7|27|Luzern Eagles II|4/19|.303|.425|.303|.728|.---|6.67|6.00|0.03|
2020|VR|NLB|3740|Hutchinson, Ca. MUS|1|3|3|0|1|2|0|0|0|1|0|1|0|0|0|1|0|0|0|0|0|0|0|0|1|Embrach Mustangs|1/2|.333|.333|.333|.667|1.000|-.--|0.00|0.33|
2020|VR|NLB|3745|Imhof, Be. MUS|14|60|42|19|9|7|2|0|0|11|2|15|0|0|13|9|4|0|1|0|0|2|0|7|19|Embrach Mustangs|2/13|.214|.433|.262|.695|1.000|4.62|1.44|0.21|
2020|VR|NLB|3750|Inauen, An. LIO|12|39|32|6|10|2|2|0|0|12|2|7|2|0|5|13|0|1|1|0|0|3|0|7|25|Zürich Lions|3/18|.313|.395|.375|.770|.778|7.80|0.38|0.41|
2020|VR|NLB|3765|Kämpfer, Ad. CHA|7|18|12|3|3|3|0|0|0|3|0|0|0|0|1|5|4|0|1|0|0|0|0|3|4|Zürich Challengers II|0/5|.250|.444|.250|.694|.---|18.00|0.20|0.42|
2020|VR|NLB|3770|Kästli, Da. MUS|17|49|41|2|6|11|0|0|0|6|0|3|0|0|7|7|0|1|0|0|0|1|0|13|33|Embrach Mustangs|5/23|.146|.271|.146|.417|1.000|7.00|1.00|0.17|
2020|VR|NLB|3771|Kästli, Ma. MUS|18|69|58|12|8|11|0|1|0|10|1|11|1|0|9|13|1|1|0|0|0|4|0|13|42|Embrach Mustangs|3/29|.138|.265|.172|.437|.917|7.67|0.69|0.22|
2020|VR|NLB|3798|Kovac, Ku. CHA|10|40|35|8|16|6|3|0|0|19|3|5|0|0|5|1|0|0|0|1|0|1|0|4|17|Zürich Challengers II|5/14|.457|.525|.543|1.068|1.000|8.00|5.00|0.03|
2020|VR|NLB|3821|Lindegger, Ch. EAG|13|55|45|17|18|14|5|0|0|23|5|1|0|0|6|4|4|0|0|0|0|3|0|15|30|Luzern Eagles II|9/27|.400|.509|.511|1.020|1.000|9.17|1.50|0.09|
2020|VR|NLB|3825|Litscher, Sa. BAR|11|37|31|10|13|9|2|0|0|15|2|9|0|0|5|10|0|1|0|1|0|0|0|9|18|Zürich Barracudas II|8/20|.419|.500|.484|.984|1.000|7.40|0.50|0.32|
2020|VR|NLB|3829|Löliger, Be. FRO|1|4|3|0|0|0|0|0|0|0|0|0|0|0|1|2|0|0|0|0|0|0|0|2|4|Sissach Frogs|0/2|.000|.250|.000|.250|.---|4.00|0.50|0.67|
2020|VR|NLB|3836|Lüthy, St. FRO|1|1|1|0|1|0|0|0|0|1|0|0|0|0|0|0|0|0|0|0|0|0|0|0|0|Sissach Frogs|1/1|1.000|1.000|1.000|2.000|.---|-.--|-.--|0.00|
2020|VR|NLB|3862|Meier, Mi. BAR|10|24|22|6|9|6|1|0|0|10|1|1|0|0|2|3|0|0|0|0|0|3|0|1|7|Zürich Barracudas II|5/10|.409|.458|.455|.913|1.000|12.00|0.67|0.14|
2020|VR|NLB|3873|Meyer, Mi. WP2|4|8|7|1|1|0|0|0|0|1|0|2|0|1|1|0|0|0|0|0|0|1|0|0|4|Wil Pirates II|0/1|.143|.250|.143|.393|1.000|8.00|-.--|0.00|
2020|VR|NLB|3892|Müller, Di. EAG|13|37|28|12|9|8|2|0|0|11|2|2|0|1|6|10|3|0|0|0|0|3|0|4|22|Luzern Eagles II|5/17|.321|.486|.393|.879|1.000|6.17|0.60|0.36|
2020|VR|NLB|3916|Novas Gil, Lu. LIO|16|60|49|20|20|15|5|0|1|28|6|12|1|1|8|5|0|0|3|1|0|9|0|2|24|Zürich Lions|11/23|.408|.467|.571|1.038|.923|7.50|1.60|0.10|
2020|VR|NLB|3933|Palatinus, Ch. CHA|5|18|15|2|3|4|0|0|0|3|0|0|0|0|2|6|1|0|0|0|0|0|0|2|10|Zürich Challengers II|2/7|.200|.333|.200|.533|.---|9.00|0.33|0.40|
2020|VR|NLB|3936|Pasche, Mi. IND|2|4|3|1|0|0|0|0|0|0|0|1|0|0|1|0|0|0|0|0|0|0|0|0|1|Lausanne Indians|0/1|.000|.250|.000|.250|1.000|4.00|-.--|0.00|
2020|VR|NLB|3959|Piguet, Lé. IND|13|42|28|6|4|5|0|0|0|4|0|4|0|0|9|11|4|1|0|0|1|1|0|3|30|Lausanne Indians|3/17|.143|.415|.143|.557|1.000|4.67|0.82|0.39|
2020|VR|NLB|3972|Räber, Be. UNI|4|13|9|3|3|1|0|0|0|3|0|5|0|0|4|3|0|0|0|0|0|1|0|0|4|Hünenberg Unicorns|2/4|.333|.538|.333|.872|1.000|3.25|1.33|0.33|
2020|VR|NLB|3992|Reyes, Ca. LIO|9|27|26|0|9|7|1|0|0|10|1|1|0|0|1|10|0|0|0|0|0|0|0|4|20|Zürich Lions|6/16|.346|.370|.385|.755|1.000|27.00|0.10|0.38|
2020|VR|NLB|3993|Reyes, Re. UNI|16|69|60|24|30|17|2|0|0|32|2|19|1|2|8|8|1|0|0|0|0|4|0|10|28|Hünenberg Unicorns|15/30|.500|.565|.533|1.099|.950|8.63|1.00|0.13|
2020|VR|NLB|4005|Rihs, Yv. IND|12|47|41|7|14|11|1|0|0|15|1|1|2|0|5|3|0|0|0|0|1|1|1|6|23|Lausanne Indians|8/24|.341|.413|.366|.779|.333|9.40|1.67|0.07|
2020|VR|NLB|4007|Ritzmann, Je. MUS|11|35|27|10|5|5|1|0|0|6|1|13|0|0|7|5|1|0|0|0|0|3|0|2|7|Embrach Mustangs|1/10|.185|.371|.222|.594|1.000|5.00|1.40|0.19|
2020|VR|NLB|4029|Rüfenacht, Pe. FRO|3|10|7|1|0|1|0|0|0|0|0|0|0|0|3|4|0|0|0|0|0|0|0|4|13|Sissach Frogs|0/6|.000|.300|.000|.300|.---|3.33|0.75|0.57|
2020|VR|NLB|4038|Sanchez, Ra. LIO|12|21|19|2|4|2|0|0|0|4|0|1|0|0|1|8|0|1|0|0|0|0|0|4|13|Zürich Lions|2/8|.211|.250|.211|.461|1.000|21.00|0.13|0.42|
2020|VR|NLB|4042|Sato, Da. CHA|9|24|17|5|6|3|0|0|0|6|0|4|1|0|4|2|2|1|0|0|0|2|0|1|6|Zürich Challengers II|2/8|.353|.522|.353|.875|.800|6.00|2.00|0.12|
2020|VR|NLB|4043|Savoldelli, Ce. BAR|3|8|5|1|1|2|0|0|0|1|0|2|0|0|2|2|0|0|1|0|0|0|0|1|8|Zürich Barracudas II|1/4|.200|.375|.200|.575|1.000|4.00|1.00|0.40|
2020|VR|NLB|4119|Stevens, Ne. LIO|12|25|20|3|7|4|0|0|0|7|0|0|0|0|5|8|0|0|0|0|0|2|0|1|12|Zürich Lions|5/11|.350|.480|.350|.830|.---|5.00|0.63|0.40|
2020|VR|NLB|4128|Streicher, Ma. LIO|16|65|53|21|19|10|2|1|0|23|3|14|0|0|7|13|4|1|0|0|0|7|0|15|17|Zürich Lions|9/20|.358|.469|.434|.903|1.000|9.29|0.54|0.25|
2020|VR|NLB|4151|Traina, Al. FRO|4|10|3|5|1|0|0|0|0|1|0|1|0|0|6|1|1|0|0|0|0|2|0|0|4|Sissach Frogs|0/2|.333|.800|.333|1.133|1.000|1.67|6.00|0.33|
2020|VR|NLB|4152|Traina, Da. FRO|8|36|29|10|14|10|1|1|0|17|2|4|0|0|4|3|3|0|0|0|0|2|0|7|21|Sissach Frogs|7/20|.483|.583|.586|1.170|1.000|9.00|1.33|0.10|
2020|VR|NLB|4175|Vargas Fernàndez, Ro. EAG|8|31|26|8|12|8|4|0|2|22|6|1|1|0|5|1|0|0|0|0|0|1|0|3|17|Luzern Eagles II|5/13|.462|.548|.846|1.395|.500|6.20|5.00|0.04|
2020|VR|NLB|4181|Voelcker, Ju. LIO|1|2|2|0|0|0|0|0|0|0|0|0|0|0|0|1|0|0|0|0|0|0|0|0|2|Zürich Lions|0/2|.000|.000|.000|.000|.---|-.--|0.00|0.50|
2020|VR|NLB|4183|Vogel, An. EAG|5|10|8|2|2|0|0|0|0|2|0|0|0|0|2|3|0|0|0|0|0|0|0|6|9|Luzern Eagles II|1/5|.250|.400|.250|.650|.---|5.00|0.67|0.38|
2020|VR|NLB|4187|Vonderschmitt, Ke. BAR|14|29|23|5|5|9|0|0|0|5|0|0|0|0|5|6|0|0|1|0|1|2|0|5|13|Zürich Barracudas II|4/14|.217|.345|.217|.562|.---|5.80|0.83|0.26|
2020|VR|NLB|4194|Walser, Ol. MUS|10|41|26|8|7|6|0|0|0|7|0|7|1|0|11|11|2|2|0|0|0|0|0|2|20|Embrach Mustangs|3/16|.269|.513|.269|.782|.875|3.73|1.00|0.42|
2020|VR|NLB|4209|Wick, St. FRO|7|26|21|1|2|3|1|0|0|3|1|0|0|0|5|10|0|0|0|0|0|0|0|2|14|Sissach Frogs|1/12|.095|.269|.143|.412|.---|5.20|0.50|0.48|
2020|VR|NLB|4271|Zwyer, Se. FLY|8|23|22|3|4|1|0|0|0|4|0|0|0|0|1|1|0|0|0|0|1|3|0|1|11|Therwil Flyers II|2/7|.182|.217|.182|.399|.---|23.00|1.00|0.05|
2020|VR|NLB|4508|Zöllig, Pa. CHA|2|8|5|1|2|0|1|0|0|3|1|2|0|0|3|1|0|0|0|0|0|0|0|3|4|Zürich Challengers II|0/2|.400|.625|.600|1.225|1.000|2.67|3.00|0.20|
2020|VR|NLB|6388|Kessler, Be. LIO|9|28|26|2|5|4|1|0|0|6|1|0|0|0|2|5|0|0|0|0|0|0|0|4|18|Zürich Lions|3/15|.192|.250|.231|.481|.---|14.00|0.40|0.19|
2020|VR|NLB|7016|Meier, Se. FRO|17|36|27|8|4|7|0|0|0|4|0|4|0|0|7|11|2|0|0|0|1|3|0|4|24|Sissach Frogs|1/15|.148|.361|.148|.509|1.000|5.14|0.64|0.41|
2020|VR|NLB|8168|Murphey, St. UNI|14|52|42|12|15|12|5|0|1|23|6|2|0|0|6|5|3|0|1|0|3|4|0|11|27|Hünenberg Unicorns|8/23|.357|.462|.548|1.009|1.000|8.67|1.20|0.12|
2020|VR|NLB|8174|Bernet Garcia, Ol. CHA|8|23|20|3|5|7|0|0|0|5|0|0|0|0|2|2|0|0|1|0|3|0|0|7|20|Zürich Challengers II|3/13|.250|.304|.250|.554|.---|11.50|1.00|0.10|
2020|VR|NLB|8275|Motte, Ni. CHA|1|2|1|1|0|1|0|0|0|0|0|0|0|0|0|1|1|0|0|0|0|0|0|0|0|Zürich Challengers II|0/0|.000|.500|.000|.500|.---|-.--|0.00|1.00|
2020|VR|NLB|8346|Pena Reyes, Ma. EAG|11|35|29|7|9|7|0|0|0|9|0|2|0|0|2|6|4|0|0|0|0|2|0|3|28|Luzern Eagles II|5/16|.310|.429|.310|.739|1.000|17.50|0.33|0.21|
2020|VR|NLB|8727|Bättig Heredia, Fr. CHA|5|13|11|2|4|3|0|0|0|4|0|0|0|0|1|0|0|0|1|0|0|1|0|1|7|Zürich Challengers II|3/7|.364|.385|.364|.748|.---|13.00|-.--|0.00|
2020|VR|NLB|9065|Sarmiento Reyes, Ad. CHA|9|34|23|13|9|7|2|0|0|11|2|10|1|0|10|2|1|0|0|0|1|3|0|1|10|Zürich Challengers II|5/9|.391|.588|.478|1.066|.909|3.40|5.00|0.09|
2020|VR|NLB|9071|Brändli, Si. BAR|2|6|5|2|1|0|0|0|0|1|0|1|0|0|1|1|0|0|0|0|0|1|0|1|3|Zürich Barracudas II|0/2|.200|.333|.200|.533|1.000|6.00|1.00|0.20|
2020|VR|NLB|9073|Bundi, Fa. BAR|15|40|32|10|12|13|0|0|0|12|0|2|0|0|6|3|1|1|0|0|0|3|0|3|19|Zürich Barracudas II|6/16|.375|.487|.375|.862|1.000|6.67|2.00|0.09|
2020|VR|NLB|9085|Gall, Pe. BAR|11|24|23|2|6|3|0|0|0|6|0|1|0|0|1|3|0|0|0|0|1|2|0|2|15|Zürich Barracudas II|3/10|.261|.292|.261|.553|1.000|24.00|0.33|0.13|
2020|VR|NLB|9108|Scheffler, Do. BAR|11|29|24|11|11|3|2|3|0|19|5|3|0|1|3|0|1|1|0|0|0|2|0|1|8|Zürich Barracudas II|5/9|.458|.536|.792|1.327|1.000|9.67|-.--|0.00|
2020|VR|NLB|9121|Werder, Ni. LIO|10|27|26|1|5|5|0|0|0|5|0|0|0|3|1|5|0|0|0|0|0|1|0|2|21|Zürich Lions|2/12|.192|.222|.192|.415|.---|27.00|0.20|0.19|
2020|VR|NLB|9128|De Leon Garcia, Wa. CHA|10|17|14|3|2|3|0|0|0|2|0|0|0|1|2|6|0|0|1|0|0|0|0|1|5|Zürich Challengers II|2/6|.143|.235|.143|.378|.---|8.50|0.33|0.43|
2020|VR|NLB|9129|Nepomuceno, Ca. CHA|3|13|10|5|3|1|1|0|0|4|1|1|0|0|1|2|2|0|0|0|1|2|0|0|5|Zürich Challengers II|1/4|.300|.462|.400|.862|1.000|13.00|0.50|0.20|
2020|VR|NLB|9139|Derendinger, Em. FLY|6|16|14|1|2|1|0|0|0|2|0|0|0|0|2|6|0|0|0|0|0|0|0|4|8|Therwil Flyers II|1/5|.143|.250|.143|.393|.---|8.00|0.33|0.43|
2020|VR|NLB|9892|Arajuo, Ti. WP2|7|19|16|3|3|2|1|0|0|4|1|2|0|0|3|3|0|0|0|0|0|0|0|4|10|Wil Pirates II|1/9|.188|.316|.250|.566|1.000|6.33|1.00|0.19|
2020|VR|NLB|11579|Fender, Ja. FLY|10|34|29|3|4|1|1|0|0|5|1|2|0|1|4|10|1|0|0|0|0|1|0|9|29|Therwil Flyers II|1/13|.138|.265|.172|.437|1.000|8.50|0.40|0.34|
2020|VR|NLB|12457|Bernhardt, Sh. UNI|14|33|29|4|6|5|0|0|0|6|0|0|0|0|3|7|0|0|1|0|0|2|0|3|17|Hünenberg Unicorns|2/14|.207|.273|.207|.480|.---|11.00|0.43|0.24|
2020|VR|NLB|12479|Romang, Mi. FRO|14|51|37|12|9|11|2|0|0|11|2|7|0|0|10|10|4|0|0|0|0|2|0|7|23|Sissach Frogs|3/17|.243|.451|.297|.748|1.000|5.10|1.00|0.27|
2020|VR|NLB|14251|Koley, Ry. CHA|4|9|7|1|0|0|0|0|0|0|0|1|0|0|2|1|0|0|0|0|1|1|0|1|10|Zürich Challengers II|0/3|.000|.222|.000|.222|1.000|4.50|2.00|0.14|
2020|VR|NLB|14254|Rüdisühli, An. CHA|2|3|3|0|0|0|0|0|0|0|0|0|0|0|0|2|0|0|0|0|0|0|0|0|2|Zürich Challengers II|0/1|.000|.000|.000|.000|.---|-.--|0.00|0.67|
2020|VR|NLB|15242|Fernandes, Ri. MUS|2|5|4|2|1|0|0|0|0|1|0|0|0|0|1|0|0|0|0|0|0|0|0|1|3|Embrach Mustangs|1/2|.250|.400|.250|.650|.---|5.00|-.--|0.00|
2020|VR|NLB|15468|Falcone, Fr. CHA|8|27|23|5|8|7|1|1|0|11|2|1|2|0|3|2|1|0|0|0|0|2|0|6|18|Zürich Challengers II|5/15|.348|.444|.478|.923|.333|9.00|1.50|0.09|
2020|VR|NLB|16072|Pineda Pineda, Ru. UNI|11|43|27|17|13|14|2|1|3|26|6|9|0|0|12|3|1|0|3|0|0|5|0|6|14|Hünenberg Unicorns|4/12|.481|.605|.963|1.568|1.000|3.58|4.00|0.11|
2020|VR|NLB|16250|Kämpfer, Ba. CHA|10|28|22|7|9|5|1|0|0|10|1|2|1|0|5|3|0|0|1|0|0|2|0|1|11|Zürich Challengers II|3/11|.409|.500|.455|.955|.667|5.60|1.67|0.14|
2020|VR|NLB|16452|Gretener, Ad. UNI|1|2|2|0|2|0|0|0|0|2|0|0|0|0|0|0|0|0|0|0|0|0|0|0|0|Hünenberg Unicorns|1/1|1.000|1.000|1.000|2.000|.---|-.--|-.--|0.00|
2020|VR|NLB|16457|Küttel Medina, Jo. EAG|14|56|39|16|11|11|2|0|0|13|2|1|1|0|15|7|1|1|0|0|0|7|0|5|27|Luzern Eagles II|6/18|.282|.491|.333|.824|.500|3.73|2.14|0.18|
2020|VR|NLB|16459|Müller, Ma. UNI|13|59|43|15|11|13|4|0|0|15|4|7|0|0|9|8|5|0|2|0|0|5|0|8|22|Hünenberg Unicorns|5/23|.256|.424|.349|.773|1.000|6.56|1.13|0.19|
2020|VR|NLB|16500|Bini, Mi. UNI|15|25|21|4|4|7|0|0|0|4|0|0|0|0|1|6|1|0|2|0|1|0|0|3|10|Hünenberg Unicorns|3/9|.190|.240|.190|.430|.---|25.00|0.17|0.29|
2020|VR|NLB|16502|Gisin, Do. CHA|3|3|3|0|0|0|0|0|0|0|0|0|0|0|0|2|0|0|0|0|0|0|0|2|4|Zürich Challengers II|0/2|.000|.000|.000|.000|.---|-.--|0.00|0.67|
2020|VR|NLB|16628|De la Rosa Bautista, Ju. CHA|8|28|24|6|8|5|1|0|0|9|1|3|0|0|2|7|1|0|1|0|0|4|0|4|12|Zürich Challengers II|3/12|.333|.393|.375|.768|1.000|14.00|0.29|0.29|
2020|VR|NLB|16629|Dreux, An. IND|4|4|3|0|0|0|0|0|0|0|0|0|0|0|1|1|0|0|0|0|0|0|0|1|2|Lausanne Indians|0/1|.000|.250|.000|.250|.---|4.00|1.00|0.33|
2020|VR|NLB|16631|Eichenberger, Da. FLY|7|24|20|2|5|6|1|0|0|6|1|1|0|0|3|5|1|0|0|0|0|1|0|1|12|Therwil Flyers II|3/9|.250|.375|.300|.675|1.000|8.00|0.60|0.25|
2020|VR|NLB|16642|Savard, Ma. IND|11|47|37|10|11|9|1|0|0|12|1|4|0|1|8|2|1|0|1|0|0|3|0|9|33|Lausanne Indians|5/20|.297|.426|.324|.750|1.000|5.88|4.00|0.05|
2020|VR|NLB|17460|Martinez Rodriguez, Is. UNI|1|4|3|1|1|1|0|0|0|1|0|0|0|0|1|0|0|0|0|0|1|1|0|0|3|Hünenberg Unicorns|0/2|.333|.500|.333|.833|.---|4.00|-.--|0.00|
2020|VR|NLB|17471|Augsburger, An. MUS|14|46|32|13|8|4|2|0|0|10|2|0|0|0|11|8|1|2|0|0|0|1|0|2|9|Embrach Mustangs|5/9|.250|.455|.313|.767|.---|4.18|1.38|0.25|
2020|VR|NLB|17587|Garcia Jover, Jo. WP2|11|42|35|11|14|14|10|0|0|24|10|5|0|0|4|6|2|0|1|1|0|4|0|2|10|Wil Pirates II|9/17|.400|.476|.686|1.162|1.000|10.50|0.67|0.17|
2020|VR|NLB|17629|Carmenate , Ad. WP2|13|47|43|6|16|9|2|0|0|18|2|4|1|0|3|4|0|0|1|0|0|1|0|3|24|Wil Pirates II|6/18|.372|.404|.419|.823|.800|15.67|0.75|0.09|
2020|VR|NLB|17661|Senn, No. FLY|14|45|33|13|14|12|5|1|2|27|8|3|2|0|7|3|3|0|2|0|0|6|0|3|13|Therwil Flyers II|4/11|.424|.533|.818|1.352|.600|6.43|2.33|0.09|
2020|VR|NLB|18254|Margarucci, Mi. FLY|16|58|48|11|17|15|6|0|1|26|7|0|0|0|7|9|3|0|0|1|0|4|0|7|31|Therwil Flyers II|8/26|.354|.466|.542|1.007|.---|8.29|0.78|0.19|
2020|VR|NLB|18256|Eichhorst, Ta. FRO|2|7|5|2|2|2|0|0|1|5|1|0|0|0|2|2|0|0|0|0|0|0|0|0|2|Sissach Frogs|1/2|.400|.571|1.000|1.571|.---|3.50|1.00|0.40|
2020|VR|NLB|18259|Blapp, Mi. FRO|10|30|23|3|2|3|0|0|0|2|0|3|1|0|5|8|1|0|0|0|0|0|1|3|20|Sissach Frogs|2/12|.087|.276|.087|.363|.750|6.00|0.63|0.35|
2020|VR|NLB|18265|Greenberg, Ad. EAG|12|50|43|18|20|16|6|0|3|35|9|0|0|1|5|3|2|0|0|0|0|7|0|8|29|Luzern Eagles II|11/23|.465|.540|.814|1.354|.---|10.00|1.67|0.07|
2020|VR|NLB|18267|Grieder, Si. FRO|14|60|48|17|15|16|3|0|2|24|5|7|1|0|7|14|3|1|1|0|0|5|0|8|25|Sissach Frogs|7/18|.313|.424|.500|.924|.875|8.57|0.50|0.29|
2020|VR|NLB|18275|Müller, Ma. FRO|11|15|10|2|0|0|0|0|0|0|0|0|0|0|5|7|0|0|0|0|0|0|0|3|14|Sissach Frogs|0/5|.000|.333|.000|.333|.---|3.00|0.71|0.70|
2020|VR|NLB|18280|Schubert, Lo. FRO|4|10|8|2|2|1|0|0|0|2|0|0|0|0|1|2|1|0|0|0|0|1|0|1|7|Sissach Frogs|1/4|.250|.400|.250|.650|.---|10.00|0.50|0.25|
2020|VR|NLB|18284|Spinnler, Ti. FRO|11|46|40|14|12|9|3|0|0|15|3|6|0|0|3|8|3|0|0|0|0|2|0|6|19|Sissach Frogs|6/17|.300|.391|.375|.766|1.000|15.33|0.38|0.20|
2020|VR|NLB|18559|Gysin, Re. FRO|13|53|42|11|12|3|2|0|0|14|2|7|1|0|9|8|2|0|0|1|1|4|0|5|21|Sissach Frogs|5/17|.286|.434|.333|.767|.875|5.89|1.13|0.19|
2020|VR|NLB|19548|Contreras Herrera, Le. EAG|4|6|5|0|0|0|0|0|0|0|0|0|0|0|1|5|0|0|0|0|0|0|0|0|2|Luzern Eagles II|0/1|.000|.167|.000|.167|.---|6.00|0.20|1.00|
2020|VR|NLB|19581|Hector , Ja. CHA|1|2|1|0|1|2|0|0|0|1|0|0|1|0|0|0|1|0|0|0|0|0|0|0|0|Zürich Challengers II|1/1|1.000|1.000|1.000|2.000|.000|-.--|-.--|0.00|
2020|VR|NLB|19625|Rodrigues, Be. UNI|1|1|1|0|0|0|0|0|0|0|0|0|0|0|0|1|0|0|0|0|0|0|0|1|1|Hünenberg Unicorns|0/1|.000|.000|.000|.000|.---|-.--|0.00|1.00|
2020|VR|NLB|19633|Migliore, Si. IND|2|4|2|1|0|1|0|0|0|0|0|2|0|0|1|1|1|0|0|0|0|0|0|0|1|Lausanne Indians|0/2|.000|.500|.000|.500|1.000|4.00|1.00|0.50|
2020|VR|NLB|19638|Landois, Mé. IND|5|15|13|3|5|3|0|0|0|5|0|0|0|0|2|2|0|0|0|0|0|1|0|4|11|Lausanne Indians|3/10|.385|.467|.385|.851|.---|7.50|1.00|0.15|
2020|VR|NLB|19653|Coiana, Ke. IND|3|10|10|1|3|2|1|0|0|4|1|1|0|0|0|0|0|0|0|0|1|0|0|1|6|Lausanne Indians|2/6|.300|.300|.400|.700|1.000|-.--|-.--|0.00|
2020|VR|NLB|19671|Stotz, Ja. CHA|7|14|10|3|2|1|0|0|0|2|0|1|0|0|4|3|0|0|0|0|0|0|0|2|5|Zürich Challengers II|0/3|.200|.429|.200|.629|1.000|3.50|1.33|0.30|
2020|VR|NLB|19672|Siemers, Ni. CHA|13|53|47|15|13|7|3|1|0|18|4|3|0|1|6|8|0|0|0|1|0|4|0|7|23|Zürich Challengers II|6/18|.277|.358|.383|.741|1.000|8.83|0.75|0.17|
2020|VR|NLB|19710|Figueroa Castillo, Sa. CHA|11|29|24|3|5|9|1|0|0|6|1|4|1|0|5|5|0|0|0|0|0|1|0|8|18|Zürich Challengers II|5/17|.208|.345|.250|.595|.800|5.80|1.00|0.21|
2020|VR|NLB|19718|Würsch, Do. FRO|7|26|19|10|8|11|2|0|1|13|3|3|0|0|5|2|2|0|0|0|0|2|0|1|10|Sissach Frogs|5/11|.421|.577|.684|1.261|1.000|5.20|2.50|0.11|
2020|VR|NLB|19734|Benz, De. CHA|6|11|9|4|2|2|0|0|0|2|0|2|0|0|2|4|0|0|0|0|0|0|0|0|5|Zürich Challengers II|2/6|.222|.364|.222|.586|1.000|5.50|0.50|0.44|
2020|VR|NLB|19820|Herrmann, Da. FLY|7|27|21|7|10|7|1|0|0|11|1|7|0|0|2|2|4|0|0|0|0|2|0|4|13|Therwil Flyers II|6/13|.476|.593|.524|1.116|1.000|13.50|1.00|0.10|
2020|VR|NLB|19846|Järmann, Ni. WP2|10|14|13|3|3|0|0|0|0|3|0|2|0|0|0|3|1|0|0|0|0|0|0|7|11|Wil Pirates II|0/7|.231|.286|.231|.516|1.000|-.--|0.00|0.23|
2020|VR|NLB|19853|Rutz, Ni. BAR|7|20|19|6|10|5|1|0|0|11|1|2|0|0|1|1|0|0|0|0|0|1|0|1|7|Zürich Barracudas II|4/8|.526|.550|.579|1.129|1.000|20.00|1.00|0.05|
2020|VR|NLB|19855|Simeone, An. IND|8|34|26|9|8|4|0|1|0|10|1|6|2|0|5|5|0|1|2|0|0|3|0|3|12|Lausanne Indians|2/8|.308|.394|.385|.779|.750|6.80|1.00|0.19|
2020|VR|NLB|19861|Maqueira del Llano, Du. EAG|14|64|44|23|21|18|6|0|0|27|6|9|3|0|13|1|7|0|0|0|1|8|0|3|23|Luzern Eagles II|9/20|.477|.641|.614|1.254|.750|4.92|13.00|0.02|
2020|VR|NLB|19862|Lomellini, Da. IND|10|33|25|9|9|3|1|0|0|10|1|0|1|0|7|1|1|0|0|0|1|1|0|0|7|Lausanne Indians|3/8|.360|.515|.400|.915|.000|4.71|7.00|0.04|
2020|VR|NLB|19869|Draper, Da. IND|13|49|38|10|17|12|0|0|0|17|0|4|1|0|8|3|0|1|2|0|1|4|0|5|13|Lausanne Indians|11/18|.447|.521|.447|.968|.800|6.13|2.67|0.08|
2020|VR|NLB|19873|Rosenmund, Yv. EAG|13|45|36|12|14|14|1|0|0|15|1|3|1|0|3|6|5|1|0|0|0|7|0|4|19|Luzern Eagles II|10/21|.389|.500|.417|.917|.750|15.00|0.50|0.17|
2020|VR|NLB|19886|Ruosch, Fl. MUS|4|10|9|0|2|1|0|0|0|2|0|1|0|0|1|3|0|0|0|0|0|0|0|2|5|Embrach Mustangs|1/4|.222|.300|.222|.522|1.000|10.00|0.33|0.33|
2020|VR|NLB|19891|Calo, Ce. EAG|2|8|3|2|1|0|0|0|0|1|0|0|0|0|4|1|1|0|0|0|0|1|0|0|5|Luzern Eagles II|0/2|.333|.750|.333|1.083|.---|2.00|4.00|0.33|
2020|VR|NLB|19900|Kranendonk, Ma. FLY|12|43|31|10|11|11|4|0|0|15|4|5|1|0|10|12|2|0|0|0|0|5|0|6|20|Therwil Flyers II|7/17|.355|.535|.484|1.019|.833|4.30|0.83|0.39|
2020|VR|NLB|19915|Scherrer, Do. WP2|15|54|44|13|16|14|5|0|1|24|6|9|1|2|9|7|1|0|0|0|0|0|0|10|23|Wil Pirates II|10/23|.364|.481|.545|1.027|.900|6.00|1.29|0.16|
2020|VR|NLB|19916|Valencia Moreno, Jo. MUS|3|5|4|1|0|0|0|0|0|0|0|1|0|0|1|3|0|0|0|0|0|0|0|1|3|Embrach Mustangs|0/2|.000|.200|.000|.200|1.000|5.00|0.33|0.75|
2020|VR|NLB|19956|Hernandez, Lu. BAR|8|17|14|4|2|0|1|0|0|3|1|1|1|0|3|3|0|0|0|0|0|2|0|3|10|Zürich Barracudas II|0/6|.143|.294|.214|.508|.500|5.67|1.00|0.21|
2020|VR|NLB|21136|Howe, Ia. FRO|13|52|39|13|16|14|4|0|2|26|6|2|1|0|5|7|6|0|2|0|0|1|0|7|29|Sissach Frogs|10/26|.410|.519|.667|1.186|.667|10.40|0.71|0.18|
2020|VR|NLB|21143|Castillo Guzman, Ma. MUS|12|48|35|11|14|13|4|0|0|18|4|13|5|0|4|5|9|0|0|0|0|4|0|3|18|Embrach Mustangs|8/19|.400|.563|.514|1.077|.722|12.00|0.80|0.14|
2020|VR|NLB|21164|Sutter, No. WP2|3|7|6|1|0|0|0|0|0|0|0|1|0|0|1|4|0|0|0|0|0|0|0|3|7|Wil Pirates II|0/4|.000|.143|.000|.143|1.000|7.00|0.25|0.67|
2020|VR|NLB|21165|Wild, Ka. WP2|2|1|1|0|0|0|0|0|0|0|0|0|0|0|0|0|0|0|0|0|0|0|0|0|0|Wil Pirates II|0/0|.000|.000|.000|.000|.---|-.--|-.--|0.00|
2020|VR|NLB|21168|Ramirez Mendez, Di. EAG|12|52|40|16|17|13|3|0|0|20|3|4|0|0|9|6|3|0|0|0|1|3|0|8|30|Luzern Eagles II|10/28|.425|.558|.500|1.058|1.000|5.78|1.50|0.15|
2020|VR|NLB|21173|Saillen, No. FLY|6|12|12|0|1|0|0|0|0|1|0|0|0|0|0|5|0|0|0|0|0|0|0|0|6|Therwil Flyers II|0/2|.083|.083|.083|.167|.---|-.--|0.00|0.42|
2020|VR|NLB|21180|Hernandez, Le. LIO|2|5|4|0|0|0|0|0|0|0|0|0|0|0|1|4|0|0|0|0|0|0|0|1|2|Zürich Lions|0/1|.000|.200|.000|.200|.---|5.00|0.25|1.00|
2020|VR|NLB|21184|Achard, Sé. FLY|11|38|28|6|8|3|1|0|0|9|1|2|1|0|7|9|3|0|0|0|0|4|0|9|30|Therwil Flyers II|2/17|.286|.474|.321|.795|.667|5.43|0.78|0.32|
2020|VR|NLB|21193|Liechti, Iv. WP2|1|3|3|0|0|0|0|0|0|0|0|0|0|0|0|2|0|0|0|0|0|0|0|0|1|Wil Pirates II|0/0|.000|.000|.000|.000|.---|-.--|0.00|0.67|
2020|VR|NLB|21243|McDonald, Da. FLY|9|18|16|2|2|2|0|0|0|2|0|0|0|0|1|4|1|0|0|0|0|1|0|5|12|Therwil Flyers II|2/6|.125|.222|.125|.347|.---|18.00|0.25|0.25|
2020|VR|NLB|21246|Spoerri, Mo. FLY|11|36|30|5|4|4|0|1|0|6|1|6|0|0|4|6|1|1|0|0|0|4|0|6|17|Therwil Flyers II|1/12|.133|.257|.200|.457|1.000|9.00|0.67|0.20|
2020|VR|NLB|21250|Djordjevic, Kr. LIO|8|18|13|4|3|13|0|0|0|3|0|2|0|0|3|5|2|0|0|0|0|2|0|4|9|Zürich Lions|1/8|.231|.444|.231|.675|1.000|6.00|0.60|0.38|
2020|VR|NLB|21364|Kodisch, Lu. CHA|2|3|3|1|1|0|0|0|0|1|0|0|0|0|0|1|0|0|0|0|0|0|0|0|1|Zürich Challengers II|0/1|.333|.333|.333|.667|.---|-.--|0.00|0.33|
2020|VR|NLB|21367|Sato, Ka. CHA|1|1|1|0|0|0|0|0|0|0|0|0|0|0|0|0|0|0|0|0|0|0|0|0|0|Zürich Challengers II|0/0|.000|.000|.000|.000|.---|-.--|-.--|0.00|
2020|VR|NLB|21381|Wetterill, La. WP2|5|8|6|0|0|0|0|0|0|0|0|0|0|0|2|1|0|0|0|0|0|0|0|0|3|Wil Pirates II|0/1|.000|.250|.000|.250|.---|4.00|2.00|0.17|
2020|VR|NLB|21410|Pineda, Ra. UNI|1|3|2|1|0|0|0|0|0|0|0|1|0|0|0|0|1|0|0|0|0|1|0|0|1|Hünenberg Unicorns|0/0|.000|.333|.000|.333|1.000|-.--|-.--|0.00|
2020|VR|NLB|21427|Jakub, St. BAR|1|3|3|1|1|0|0|0|0|1|0|0|0|0|0|2|0|0|0|0|0|1|0|1|1|Zürich Barracudas II|0/1|.333|.333|.333|.667|.---|-.--|0.00|0.67|
2020|VR|NLB|21430|Rosario Sepulveda, Ra. LIO|11|31|25|7|9|5|1|0|0|10|1|0|1|0|4|5|2|0|0|0|0|1|0|2|11|Zürich Lions|4/9|.360|.484|.400|.884|.000|7.75|0.80|0.20|
2020|VR|NLB|21452|Richards, Ma. FLY|10|40|30|14|12|8|4|1|0|18|5|14|0|1|8|8|2|0|0|1|0|5|0|0|5|Therwil Flyers II|4/8|.400|.550|.600|1.150|1.000|5.00|1.00|0.27|
2020|VR|NLB|23327|Britschgi, An. EAG|2|2|1|0|0|0|0|0|0|0|0|0|0|0|1|0|0|0|0|0|0|0|0|0|1|Luzern Eagles II|0/1|.000|.500|.000|.500|.---|2.00|-.--|0.00|
2020|VR|NLB|23329|Finol Berrueta, Es. BAR|8|17|13|5|2|1|1|0|0|3|1|1|0|0|3|3|1|0|0|0|0|1|0|1|3|Zürich Barracudas II|2/3|.154|.353|.231|.584|1.000|5.67|1.00|0.23|
2020|VR|NLB|23331|Chavez Luis, Fr. UNI|16|70|63|33|39|32|10|2|4|65|16|15|0|1|4|1|1|0|2|2|0|12|0|1|14|Hünenberg Unicorns|19/30|.619|.629|1.032|1.660|1.000|17.50|4.00|0.02|
2020|VR|NLB|24325|Klasa, Mi. UNI|7|18|13|2|2|0|0|0|0|2|0|0|0|0|3|6|2|0|0|0|1|1|0|6|10|Hünenberg Unicorns|0/5|.154|.389|.154|.543|.---|6.00|0.50|0.46|
2020|VR|NLB|24327|Pedroso Munoz, Yo. BAR|15|60|49|22|25|25|9|3|0|40|12|7|1|2|10|5|1|0|0|1|0|5|0|8|17|Zürich Barracudas II|17/32|.510|.600|.816|1.416|.875|6.00|2.00|0.10|
2020|VR|NLB|26400|Del Valle Diaz, El. BAR|15|62|47|25|12|7|0|0|0|12|0|9|1|0|12|8|2|1|0|0|1|11|0|6|27|Zürich Barracudas II|4/20|.255|.426|.255|.682|.900|5.17|1.50|0.17|
2020|VR|NLB|26403|Figueredo Hernández, Al. LIO|2|5|4|1|1|0|0|0|0|1|0|0|0|0|1|2|0|0|0|0|0|0|0|0|2|Zürich Lions|0/1|.250|.400|.250|.650|.---|5.00|0.50|0.50|
2020|VR|NLB|26415|Zbinden, Ni. FRO|6|19|15|3|4|2|0|0|0|4|0|2|0|0|2|3|1|0|1|0|0|0|0|3|8|Sissach Frogs|1/7|.267|.368|.267|.635|1.000|9.50|0.67|0.20|
2020|VR|NLB|28718|Dorsett, Co. IND|14|54|50|14|18|14|7|0|0|25|7|3|1|0|3|1|1|0|0|0|1|4|0|3|29|Lausanne Indians|14/31|.360|.407|.500|.907|.750|18.00|3.00|0.02|
2020|VR|NLB|28738|Santana Medrano, Ma. WP2|2|7|6|1|0|1|0|0|0|0|0|0|0|0|0|3|0|0|1|0|0|0|0|0|2|Wil Pirates II|0/2|.000|.000|.000|.000|.---|-.--|0.00|0.50|
2020|VR|NLB|28740|Sutter, Ya. WP2|2|6|5|1|2|2|0|0|0|2|0|0|0|0|0|1|1|0|0|0|0|1|0|2|3|Wil Pirates II|1/3|.400|.500|.400|.900|.---|-.--|0.00|0.20|
2020|VR|NLB|28794|Blickenstorfer, Ar. CHA|5|9|8|4|2|1|0|0|0|2|0|1|0|0|0|3|1|0|0|0|0|1|0|0|1|Zürich Challengers II|2/4|.250|.333|.250|.583|1.000|-.--|0.00|0.38|
2020|VR|NLB|28802|Vallillo, Mi. IND|13|49|38|10|9|6|1|0|0|10|1|3|0|0|11|5|0|0|0|0|0|4|0|0|25|Lausanne Indians|5/17|.237|.408|.263|.671|1.000|4.45|2.20|0.13|
2020|VR|NLB|28947|Radelfinger, Ra. FLY|12|22|14|4|3|3|0|0|0|3|0|1|0|0|4|7|3|0|1|0|0|1|0|1|2|Therwil Flyers II|1/2|.214|.455|.214|.669|1.000|5.50|0.57|0.50|
2020|VR|NLB|29093|Azor Kery, Jh. MUS|16|64|47|21|15|13|4|1|1|24|6|15|1|0|13|14|4|0|0|0|0|6|0|8|23|Embrach Mustangs|8/23|.319|.500|.511|1.011|.938|4.92|0.93|0.30|
2020|VR|NLB|29105|Riegel, Ju. CHA|2|3|2|2|1|1|0|0|0|1|0|1|0|0|1|0|0|0|0|0|0|1|0|0|0|Zürich Challengers II|1/1|.500|.667|.500|1.167|1.000|3.00|-.--|0.00|
2020|VR|NLB|29166|Fabel, Lu. UNI|7|17|13|7|3|0|1|0|0|4|1|0|0|0|4|8|0|0|0|0|0|1|0|2|11|Hünenberg Unicorns|0/6|.231|.412|.308|.719|.---|4.25|0.50|0.62|
2020|VR|NLB|29167|Gamma, An. UNI|9|34|31|7|10|7|0|0|0|10|0|10|1|0|3|8|0|0|0|0|0|1|0|2|11|Hünenberg Unicorns|2/11|.323|.382|.323|.705|.909|11.33|0.38|0.26|
2020|VR|NLB|29170|Ventura Rosado, An. BAR|15|36|32|8|8|10|4|0|0|12|4|2|0|0|1|7|1|0|2|0|0|3|0|5|11|Zürich Barracudas II|5/14|.250|.278|.375|.653|1.000|36.00|0.14|0.22|
2020|VR|NLB|29326|Freiburghaus, Ar. IND|9|26|25|4|4|2|1|0|0|5|1|1|0|0|1|13|0|0|0|0|0|2|0|7|23|Lausanne Indians|1/16|.160|.192|.200|.392|1.000|26.00|0.08|0.52|
2020|VR|NLB|31416|Keiser, De. FLY|12|28|25|4|3|3|0|0|0|3|0|3|0|0|3|8|0|0|0|0|0|3|0|1|14|Therwil Flyers II|1/10|.120|.214|.120|.334|1.000|9.33|0.38|0.32|
2020|VR|NLB|31417|Gonzalez Castaneda, Mi. IND|10|39|31|11|8|5|0|0|0|8|0|11|0|0|6|3|1|0|1|0|0|5|0|6|19|Lausanne Indians|3/12|.258|.385|.258|.643|1.000|6.50|2.00|0.10|
2020|VR|NLB|31418|Amacher, Po. FLY|8|6|6|0|0|0|0|0|0|0|0|0|0|0|0|5|0|0|0|0|0|0|0|5|6|Therwil Flyers II|0/4|.000|.000|.000|.000|.---|-.--|0.00|0.83|
2020|VR|NLB|31428|De Anna, Pi. IND|2|5|4|1|0|0|0|0|0|0|0|0|0|0|1|1|0|0|0|0|0|0|0|2|5|Lausanne Indians|0/1|.000|.200|.000|.200|.---|5.00|1.00|0.25|
2020|VR|NLB|31429|Deans, Ma. LIO|1|3|3|0|0|0|0|0|0|0|0|0|0|0|0|2|0|0|0|0|0|0|0|2|2|Zürich Lions|0/1|.000|.000|.000|.000|.---|-.--|0.00|0.67|
2020|VR|NLB|31431|Finelli, Jo. FLY|2|3|1|0|0|0|0|0|0|0|0|0|0|0|1|1|1|0|0|0|0|0|0|0|1|Therwil Flyers II|0/1|.000|.667|.000|.667|.---|3.00|1.00|1.00|
2020|VR|NLB|31437|Jung, Ra. UNI|8|16|13|2|0|2|0|0|0|0|0|0|0|0|3|8|0|0|0|0|0|0|0|1|5|Hünenberg Unicorns|0/4|.000|.188|.000|.188|.---|5.33|0.38|0.62|
2020|VR|NLB|31441|Martinez, Is. UNI|3|8|8|0|4|2|1|0|0|5|1|0|0|1|0|0|0|0|0|0|0|0|0|1|2|Hünenberg Unicorns|2/3|.500|.500|.625|1.125|.---|-.--|-.--|0.00|
2020|VR|NLB|31443|Rodriguez Rizzuti, Mi. UNI|4|10|6|2|1|1|0|0|0|1|0|0|0|0|1|1|3|0|0|0|0|0|0|1|5|Hünenberg Unicorns|1/4|.167|.500|.167|.667|.---|10.00|1.00|0.17|
2020|VR|NLB|31444|Sandoval, Om. MUS|8|22|20|0|1|1|0|0|0|1|0|0|2|0|0|7|2|0|0|0|0|0|0|12|19|Embrach Mustangs|0/11|.050|.136|.050|.186|.000|-.--|0.00|0.35|
2020|VR|NLB|31445|Schürpf, Be. FLY|11|27|24|3|1|1|0|0|0|1|0|0|0|0|2|15|1|0|0|0|0|2|0|5|14|Therwil Flyers II|0/6|.042|.148|.042|.190|.---|13.50|0.13|0.63|
2020|VR|NLB|31449|Weisskopf, Si. UNI|9|25|18|5|4|2|0|0|0|4|0|1|0|0|7|6|0|0|0|0|0|1|0|0|9|Hünenberg Unicorns|3/7|.222|.440|.222|.662|1.000|3.57|1.17|0.33|
2020|VR|NLB|32059|MacDonald, Da. FLY|1|1|1|0|0|0|0|0|0|0|0|0|0|0|0|1|0|0|0|0|0|0|0|0|0|Therwil Flyers II|0/0|.000|.000|.000|.000|.---|-.--|0.00|1.00|
2020|VR|NLB|32167|Santana Del Valle, Jo. WP2|1|3|3|0|0|0|0|0|0|0|0|0|0|0|0|3|0|0|0|0|0|0|0|0|1|Wil Pirates II|0/1|.000|.000|.000|.000|.---|-.--|0.00|1.00|
2020|VR|NLB|32169|Wagner, Jo. FLY|2|3|3|0|0|0|0|0|0|0|0|0|0|0|0|2|0|0|0|0|0|0|0|1|4|Therwil Flyers II|0/2|.000|.000|.000|.000|.---|-.--|0.00|0.67|
2020|VR|NLB|32299|Garcia Duran, Lu. IND|2|7|6|4|5|8|0|0|3|14|3|2|0|0|1|0|0|0|0|0|0|2|0|0|0|Lausanne Indians|2/2|.833|.857|2.333|3.190|1.000|7.00|-.--|0.00|
2020|VR|NLB|32301|Stradi, Lo. BAR|1|2|2|0|0|0|0|0|0|0|0|0|0|0|0|1|0|0|0|0|0|0|0|2|4|Zürich Barracudas II|0/2|.000|.000|.000|.000|.---|-.--|0.00|0.50|
2020|VR|NLB|32430|Schwechel, De. FLY|4|15|12|5|5|2|2|0|0|7|2|1|0|0|2|5|1|0|0|0|0|4|0|0|7|Therwil Flyers II|1/6|.417|.533|.583|1.117|1.000|7.50|0.40|0.42|
